"month","y","count","rate"
"apr","yes",577,19.6793997271487
"aug","yes",688,11.0132863774612
"dec","yes",100,46.7289719626168
"feb","yes",441,16.6477916194791
"jan","yes",142,10.1211689237349
"jul","yes",627,9.09354604786077
"jun","yes",546,10.2228047182176
"mar","yes",248,51.9916142557652
"may","yes",925,6.71945372657271
"nov","yes",403,10.1511335012594
"oct","yes",323,43.7669376693767
"sep","yes",269,46.4594127806563
